code,system
226,readv2
226Z,readv2
9S,readv2
9SE,readv2
9SJ,readv2
9SZ,readv2
9T1A,readv2
9iFK,readv2
226-1,readv2
916E,readv2
9SD,readv2
918t,readv2
9SA1,readv2
9SA2,readv2
9S12,readv2
9S14,readv2
9i00,readv2
9iA8,readv2
9iD2,readv2
9SA,readv2
9i0,readv2
9i2S,readv2
9iA9,readv2
9iD3,readv2
9SAD,readv2
9T,readv2
9i2P,readv2
9iF,readv2
9SG,readv2
9i60,readv2
9i62,readv2
9SH,readv2
9T1E,readv2
9i5,readv2
9T1,readv2
9T1Y,readv2
9T1Z,readv2
9T11,readv2
9T12,readv2
9T11-1,readv2
9T13,readv2
9T15,readv2
9T14,readv2
9T16,readv2
9T17,readv2
9T18,readv2
9T19,readv2
9T1B,readv2
9T1C,readv2
9i61,readv2
9i63,readv2
9i64,readv2
9iE,readv2
9T1D,readv2
9i7,readv2
9T2,readv2
9i2E,readv2
9T3,readv2
9T4,readv2
9T5,readv2
9T6,readv2
9T7,readv2
9T8,readv2
EMISNQPO8,readv2
9T9,readv2
9i,readv2
9i20,readv2
9i21,readv2
9i22,readv2
9i23,readv2
9i25,readv2
9i2B,readv2
9i2F,readv2
9i2J,readv2
9i2K,readv2
9i2L,readv2
9i2M,readv2
9i2N,readv2
9iA1,readv2
9iA2,readv2
9iA4,readv2
9iA5,readv2
9iA6,readv2
9iD0,readv2
9iD1,readv2
9iF0,readv2
9iF1,readv2
9iF2,readv2
9iF3,readv2
9iF4,readv2
9iF5,readv2
9iF6,readv2
9iF7,readv2
9iF8,readv2
9iF9,readv2
9iFC,readv2
9iFD,readv2
9iFE,readv2
9iFF,readv2
9iG,readv2
9i1,readv2
9i10,readv2
9i24,readv2
9i2Q,readv2
9i2,readv2
9i6,readv2
9iA,readv2
9iD,readv2
9i26,readv2
9i27,readv2
9i28,readv2
9i29,readv2
9i2A,readv2
9i2C,readv2
9i2D,readv2
9i2T,readv2
9i65,readv2
9iAA,readv2
9iD4,readv2
9i3,readv2
9iA7,readv2
9iB,readv2
9i4,readv2
9iA3,readv2
9iC,readv2
9iFA,readv2
9i8,readv2
9iFG,readv2
9iFH,readv2
EMISNQBR14,readv2